{
  "Routes": [
    {
      "DownstreamPathTemplate": "/Post/get_posts",
      "DownstreamScheme": "https",
      "DownstreamHostAndPorts": [
        {
          "Host": "valentimpostsapi.azurewebsites.net",
          "Port": 443
        }
      ],
      "UpstreamPathTemplate": "/gateway/get_posts",
      "UpstreamHttpMethod": [ "GET" ]
    },
    {
      "DownstreamPathTemplate": "/Post/get_projects",
      "DownstreamScheme": "https",
      "DownstreamHostAndPorts": [
        {
          "Host": "valentimpostsapi.azurewebsites.net",
          "Port": 443
        }
      ],
      "UpstreamPathTemplate": "/gateway/get_projects",
      "UpstreamHttpMethod": [ "GET" ]
    },
    {
      "DownstreamPathTemplate": "/Post/get_post/{id}",
      "DownstreamScheme": "https",
      "DownstreamHostAndPorts": [
        {
          "Host": "valentimpostsapi.azurewebsites.net",
          "Port": 443
        }
      ],
      "UpstreamPathTemplate": "/gateway/get_post/{id}",
      "UpstreamHttpMethod": [ "GET" ]
    },
    {
      "DownstreamPathTemplate": "/Post/get_post_itens/{id}",
      "DownstreamScheme": "https",
      "DownstreamHostAndPorts": [
        {
          "Host": "valentimpostsapi.azurewebsites.net",
          "Port": 443
        }
      ],
      "UpstreamPathTemplate": "/gateway/get_post_itens/{id}",
      "UpstreamHttpMethod": [ "GET" ]
    }
  ]

}